,EC,EnzName,OptTemp,Org,Acc,ref,seq
0,1.5.1.3,dihydrofolate reductase,20,Bombyx mori,J7GQW2,725924,MSRTQLNLIAAACENMGIGINGTLPWKLKKEMAYFTTMTTSVSDKNKVNAVIMGRRTWDCIPIKYRPLSNRINIVLTHNVDYVKKQVPEGVIVVPGLDEAIDHIDSRSDIESTWVIGGSSIYKAAMEHPNCGKIYLTEIQKSFDCDTFFPDINQQQFHLVNEEEVPGEKQSEGDINYYYRIYKRL
1,1.5.1.3,dihydrofolate reductase,22,Klebsiella pneumoniae,Q7BPB0,741615,MNSESVRIYLVAAMGANRVIGNGPNIPWKIPGEQKIFRRLTEGKVVVMGRKTFESIGKPLPNRHTLVISRQANYRATGCVVVSTLSHAIALASELGNELYVAGGAEIYTLALPHAHGVFLSEVHQTFEGDAFFPMLNETEFELVSTETIQAVIPYTHSVYARRNG
2,1.5.1.3,dihydrofolate reductase,25,Babesia gibsoni,B5U9U8,690467,MADYTGCDGLQIIVATALNRVIGKNNEIPWPHIRQDFRFLYWVTTFIEPEVKAKNPELKNVVIFGRKTYESIPQNVLPLKGRINVLISRSIKEMPGVLTFSSLDAAIKELRASVPHNKIFILGGSEIYRLVLENDLCDKIYQTRINKDYEGDRFFPEIPDTFEITGISKTFGTDFVTYDFVTYEKKSVVKDKPHPSMDELVLTGEEPKVKVPQYVACPSVKIRYHEEFQYLDILADVLSNGTLKQNRTGTDAYSKFGYQMRFDLSKSFPLLTTKKVALRSIIEELLWFIRGSTNGNDLLAKNVRIWELNGARSFLDNLGFTDREEHDLGPVYGFQWRHFGAKYLDMHADYSGQGIDQLKTVIEKIKTNPNDRRLIVCSWNVADLGKMALPPCHCFFQFYVKDGKLSCLMHQRSCDLGLGVPFNIASYSILTAMIAQVCGLQLGEFVHNLADAHVYVDHVEPVKLQMSRVPYPFPQLKLNPDVKDIEGFTIDDIQVVNYVSHPPIKMAMSAWMTTQ
3,1.5.1.3,dihydrofolate reductase,25,Moritella japonica,D1MX72,712320,MKLSLMAAKSKNGVIGNGPDIPWQAKGEQLLFKAMTYNQWLLVGRKTFESMGTLPNRKYAVISRSDFVSEDENVMVFSSIESALRQLADITDHVIVSGGGEIYRSLISKVDTLHISTIDIETEGDIVFPDIPDSFSLAFEQKFESNINYCYQIWQNS
4,1.5.1.3,dihydrofolate reductase,25,Moritella yayanosii,D1MX71,712320,MIAALANNRVIGLDNKMPWHLPAELQLFKRATLGKPIVMGRNTFESIGRPLPGRLNIVLSRQTDYQPEGVTVVATLEDAVVAAGDVEELMIIGGATIYNQYLAAADRLYLTHIELTIEGDTWFPDYEQYHWQEIEHESYAADDKNPHDYRFSLLERVK
5,1.5.1.3,dihydrofolate reductase,25,Photobacterium profundum,D1MX70,712320,MIAAMAKDRVIGKDNAMPWHLPADFAWFKKSTLGKPIVMGRKTFESIGRPLPGRLNIVISRNPEFSVEGVTVVADIEAAKHAAGDIGELMVIGGGSIYEACLPSADRLYLTFIDLDVDGDTCFPDWGEGWIKSYTEHYSADEKNAHDMQFVILERNVDLT
6,1.5.1.3,dihydrofolate reductase,25,Schistosoma mansoni,G4VJD6,741552,MRLNVVVAVSENWGIGKGGGLPWKIKKDMEFFKTVTTKAHPGLKNAVVMGRVTWESIPESFKPLKDRINIVVSSTLSHAPSFVQVVPSLNAAIDLLYNEEFSSIVDEVFIIGGYRLYKEALKQSIYPVRIYCTHILSEVDCDTYFPKVDWDKLKKVDLPDIPADTFTENGFTFKFCVYDVPSEQFI
7,1.5.1.3,dihydrofolate reductase,25,Shewanella violacea,D1MYR1,712320,MIAAMANNRVIGKDNQMPWHLPEDLKHFKAMTLGKPIVMGRKTYDSIGRALPGRLNIVISRQEGLSIPGVTCVTSFEMAVEAAGECEELVVIGGGQLYASLLSKADKLYLTEINLDVAGDTFFPQWDDGSWERISQEMLVNGAGLEYSFINLVKKC
8,1.5.1.3,dihydrofolate reductase,25,Staphylococcus aureus,Q2YY41,705138,MTLSILVAHDLQRVIGFENQLPWHLPNDLKHVKKLSTGHTLVMGRKTFESIGKPLPNRRNVVLTSDTSFNVEGVDVIHSIEDIYQLPGHVFIFGGQTLFEEMIDKVDDMYITVIEGKFRGDTFFPPYTFEDWEVASSVEGKLDEKNTIPHTFLHLIRKK
9,1.5.1.3,dihydrofolate reductase,25,Streptococcus pneumoniae,Q54801,711226,MTKKIVAIWAQDEEGVIGKENRLPWHLPAELQHFKETTLNHAILMGRVTFDGMGRRLLPKRETLILTRNPEEKIDGVATFQDVQSVLDWYQAQEKNLYIIGGKQIFQAFEPYLDEVIVTHIHARVEGDTYFPEELDLSLFETVSSKFYAKDEKNPYDFTIQYRKRKEV
10,1.5.1.3,dihydrofolate reductase,25,Trypanosoma brucei,Q27783,743569,MLSLTRILRKKIPVHELAGKISRPPLRPFSVVVASDEKGGIGDGGTIPWEIPEDMQYFRRVTTNLRGKNVKPSPSKRNAVVMGRKTWDSLPPKFRPLSNRLNVVLSRSATKEQLLAGIPDPIKRAEAANDVVAVNGGLEDALRMLVSKEHTSSIETVFCIGGGTIYKQALCAPCVNVLQAIHRTVVRPASNSCSVFFDIPAAGTKTPEGLELVRESITDERVSTGAGGKKYQFEKLVPRNSEEEQYLNLVGRIIDEGCTKCDRTGVGTRSLFGAQMRFSLRNNRLPLLTTKRVFWRGVCEELLWFLRGETNAKLLSDKGIHIWDGNGSRAFLDSRGLTDYDEMDLGPVYGFQWRHFGADYISCKVDSEGKGVDQIANIVKSLIENPDDRRMICTAWNPAALPRMALPPCHMMAQFYVSNGELSCMLYQRSCDMGLGVPFNIASYALLTFLMAKASGLRPGELVHTLGDAHVYSNHVEPCRKQLKRVPRPFPFIVFKQDKEFLEDFQESDIEVIDYSPYPVISMEMAV
11,1.5.1.3,dihydrofolate reductase,28,Leishmania braziliensis,A4H4P8,742057,MSRAAARFKIPMSVTKDSFAFPSLRCFSIIVAVDEQHGIGDGKTIPWQVPEDMAFFKDQTTLLRNKKPPTEKKRNAVVMGRQTWESVPLKYRPLKGRLNVVLSSKATVDELLAALPEGKRTAAAQDLVVVNGGLAEALHLLARPPHCSSIETAYCVGGAQVYSDAMTAPCVEKLQEVYLTRIYATAPECTRFYPFPPTNAAAAAWDLAWTQGRQRSETGGVEYEIRKYVPHNHEERQYLELIDRIMKTGIAKEDRTGVGILSLFGAQMRFSLRDNRLPLLTTKRVFWRGVCEELLWFLRGETNAQLLADKDIHIWDGNGSREFLDSRGLTANKEMDLGPVYGFQWRHFGAQYKGFEANYDGEGVDQIKSIVETIKVNPNDRRLLLTAWNPCALHEMALPPCHLLAQFYVNTDAKELSCMLYQRSCDMGLGVPFNIASYALLTILMAKATGLRPGELVHTLGDAHVYRNHIDALKVQLERTPNAFPTLVFKREREFLEDYELSDMEVIDYAPYPPIKMEMAV
12,1.5.1.3,dihydrofolate reductase,28,Leishmania panamensis,S5M3K7,742057,FAFPSLRCFSIIVAVDEQHGIGDGKTIPWQVPEDMAFFKDQTTLLRNKKPPTEKKRNAVVMGRQTWESVPLKYRPLKGRLNVVLSSKATVDELLAPLPEGKRAAAAQDLVVVNGGLAEALHLLARPPHCSSIETAYCVGGAQVYSDAMTAPCVEKLQEVYLTRIYATAPECTRFYPFPPTNAAAAAWDLAWTQGRQRSETGGVEYEIRKYVPHNHEERQYLELIDRIMKTGIVKEDRTGVGILSLFGAQMRFSLRDNRLPLLTTKRVFWRGVCEELLWFLRGETNAQLLADKDIHIWDGNGSREFLDSRGLTANKEMDLGPVYGFQWRHFGAQYKGFEANYDGEGVDQIKSIVETIKVNPNDRRLLLTAWNPCALHEMALPPCHLLAQFYVNTDAKELSCMLYQRSCDMGLGVPFNIASYALLTILMAKATGLRPGELVHTLGDAHVYCNHIDALKVQLERTPNAFPTLVFKREREFLEDYELSD
13,1.5.1.3,dihydrofolate reductase,30,Lactobacillus casei,P00381,711465,MTAFLWAQDRDGLIGKDGHLPWHLPDDLHYFRAQTVGKIMVVGRRTYESFPKRPLPERTNVVLTHQEDYQAQGAVVVHDVAAVFAYAKQHPDQELVIAGGAQIFTAFKDDVDTLLVTRLAGSFEGDTKMIPLNWDDFTKVSSRTVEDTNPALTHTYEVWQKKA
14,1.5.1.3,dihydrofolate reductase,34,Moritella profunda,Q70YQ6,655861,MIVSMIAALANNRVIGLDNKMPWHLPAELQLFKRATLGKPIVMGRNTFESIGRPLPGRLNIVLSRQTDYQPEGVTVVATLEDAVVAAGDVEELMIIGGATIYNQCLAAADRLYLTHIELTTEGDTWFPDYEQYNWQEIEHESYAADDKNPHNYRFSLLERVK
