,EC,EnzName,OptpH,Org,Acc,ref,seq
0,1.5.1.3,dihydrofolate reductase,5.5,Trypanosoma brucei,Q27783,743569,MLSLTRILRKKIPVHELAGKISRPPLRPFSVVVASDEKGGIGDGGTIPWEIPEDMQYFRRVTTNLRGKNVKPSPSKRNAVVMGRKTWDSLPPKFRPLSNRLNVVLSRSATKEQLLAGIPDPIKRAEAANDVVAVNGGLEDALRMLVSKEHTSSIETVFCIGGGTIYKQALCAPCVNVLQAIHRTVVRPASNSCSVFFDIPAAGTKTPEGLELVRESITDERVSTGAGGKKYQFEKLVPRNSEEEQYLNLVGRIIDEGCTKCDRTGVGTRSLFGAQMRFSLRNNRLPLLTTKRVFWRGVCEELLWFLRGETNAKLLSDKGIHIWDGNGSRAFLDSRGLTDYDEMDLGPVYGFQWRHFGADYISCKVDSEGKGVDQIANIVKSLIENPDDRRMICTAWNPAALPRMALPPCHMMAQFYVSNGELSCMLYQRSCDMGLGVPFNIASYALLTFLMAKASGLRPGELVHTLGDAHVYSNHVEPCRKQLKRVPRPFPFIVFKQDKEFLEDFQESDIEVIDYSPYPVISMEMAV
1,1.5.1.3,dihydrofolate reductase,6,Leishmania braziliensis subsp. viannia,A4H4P8,742057,MSRAAARFKIPMSVTKDSFAFPSLRCFSIIVAVDEQHGIGDGKTIPWQVPEDMAFFKDQTTLLRNKKPPTEKKRNAVVMGRQTWESVPLKYRPLKGRLNVVLSSKATVDELLAALPEGKRTAAAQDLVVVNGGLAEALHLLARPPHCSSIETAYCVGGAQVYSDAMTAPCVEKLQEVYLTRIYATAPECTRFYPFPPTNAAAAAWDLAWTQGRQRSETGGVEYEIRKYVPHNHEERQYLELIDRIMKTGIAKEDRTGVGILSLFGAQMRFSLRDNRLPLLTTKRVFWRGVCEELLWFLRGETNAQLLADKDIHIWDGNGSREFLDSRGLTANKEMDLGPVYGFQWRHFGAQYKGFEANYDGEGVDQIKSIVETIKVNPNDRRLLLTAWNPCALHEMALPPCHLLAQFYVNTDAKELSCMLYQRSCDMGLGVPFNIASYALLTILMAKATGLRPGELVHTLGDAHVYRNHIDALKVQLERTPNAFPTLVFKREREFLEDYELSDMEVIDYAPYPPIKMEMAV
2,1.5.1.3,dihydrofolate reductase,6,Leishmania panamensis,S5M3K7,742057,FAFPSLRCFSIIVAVDEQHGIGDGKTIPWQVPEDMAFFKDQTTLLRNKKPPTEKKRNAVVMGRQTWESVPLKYRPLKGRLNVVLSSKATVDELLAPLPEGKRAAAAQDLVVVNGGLAEALHLLARPPHCSSIETAYCVGGAQVYSDAMTAPCVEKLQEVYLTRIYATAPECTRFYPFPPTNAAAAAWDLAWTQGRQRSETGGVEYEIRKYVPHNHEERQYLELIDRIMKTGIVKEDRTGVGILSLFGAQMRFSLRDNRLPLLTTKRVFWRGVCEELLWFLRGETNAQLLADKDIHIWDGNGSREFLDSRGLTANKEMDLGPVYGFQWRHFGAQYKGFEANYDGEGVDQIKSIVETIKVNPNDRRLLLTAWNPCALHEMALPPCHLLAQFYVNTDAKELSCMLYQRSCDMGLGVPFNIASYALLTILMAKATGLRPGELVHTLGDAHVYCNHIDALKVQLERTPNAFPTLVFKREREFLEDYELSD
3,1.5.1.3,dihydrofolate reductase,6.5,Moritella japonica,D1MX72,712320,MKLSLMAAKSKNGVIGNGPDIPWQAKGEQLLFKAMTYNQWLLVGRKTFESMGTLPNRKYAVISRSDFVSEDENVMVFSSIESALRQLADITDHVIVSGGGEIYRSLISKVDTLHISTIDIETEGDIVFPDIPDSFSLAFEQKFESNINYCYQIWQNS
4,1.5.1.3,dihydrofolate reductase,7,Klebsiella pneumoniae,Q7BPB0,741615,MNSESVRIYLVAAMGANRVIGNGPNIPWKIPGEQKIFRRLTEGKVVVMGRKTFESIGKPLPNRHTLVISRQANYRATGCVVVSTLSHAIALASELGNELYVAGGAEIYTLALPHAHGVFLSEVHQTFEGDAFFPMLNETEFELVSTETIQAVIPYTHSVYARRNG
5,1.5.1.3,dihydrofolate reductase,7,Moritella profunda,Q70YQ6,655861,MIVSMIAALANNRVIGLDNKMPWHLPAELQLFKRATLGKPIVMGRNTFESIGRPLPGRLNIVLSRQTDYQPEGVTVVATLEDAVVAAGDVEELMIIGGATIYNQCLAAADRLYLTHIELTTEGDTWFPDYEQYNWQEIEHESYAADDKNPHNYRFSLLERVK
6,1.5.1.3,dihydrofolate reductase,7,Moritella yayanosii,D1MX71,712320,MIAALANNRVIGLDNKMPWHLPAELQLFKRATLGKPIVMGRNTFESIGRPLPGRLNIVLSRQTDYQPEGVTVVATLEDAVVAAGDVEELMIIGGATIYNQYLAAADRLYLTHIELTIEGDTWFPDYEQYHWQEIEHESYAADDKNPHDYRFSLLERVK
7,1.5.1.3,dihydrofolate reductase,7,Photobacterium profundum,D1MX70,712320,MIAAMAKDRVIGKDNAMPWHLPADFAWFKKSTLGKPIVMGRKTFESIGRPLPGRLNIVISRNPEFSVEGVTVVADIEAAKHAAGDIGELMVIGGGSIYEACLPSADRLYLTFIDLDVDGDTCFPDWGEGWIKSYTEHYSADEKNAHDMQFVILERNVDLT
8,1.5.1.3,dihydrofolate reductase,7,Shewanella violacea,D1MYR1,712320,MIAAMANNRVIGKDNQMPWHLPEDLKHFKAMTLGKPIVMGRKTYDSIGRALPGRLNIVISRQEGLSIPGVTCVTSFEMAVEAAGECEELVVIGGGQLYASLLSKADKLYLTEINLDVAGDTFFPQWDDGSWERISQEMLVNGAGLEYSFINLVKKC
9,1.5.1.3,dihydrofolate reductase,7,Staphylococcus aureus,Q2YY41,705138,MTLSILVAHDLQRVIGFENQLPWHLPNDLKHVKKLSTGHTLVMGRKTFESIGKPLPNRRNVVLTSDTSFNVEGVDVIHSIEDIYQLPGHVFIFGGQTLFEEMIDKVDDMYITVIEGKFRGDTFFPPYTFEDWEVASSVEGKLDEKNTIPHTFLHLIRKK
10,1.5.1.3,dihydrofolate reductase,7,Streptococcus pneumoniae,Q54801,711226,MTKKIVAIWAQDEEGVIGKENRLPWHLPAELQHFKETTLNHAILMGRVTFDGMGRRLLPKRETLILTRNPEEKIDGVATFQDVQSVLDWYQAQEKNLYIIGGKQIFQAFEPYLDEVIVTHIHARVEGDTYFPEELDLSLFETVSSKFYAKDEKNPYDFTIQYRKRKEV
11,1.5.1.3,dihydrofolate reductase,7.5,Homo sapiens,Q86XF0,742518,MFLLLNCIVAVSQNMGIGKNGDLPRPPLRNEFRYFQRMTTTSSVEGKQNLVIMGRKTWFSIPEKNRPLKDRINLVLSRELKEPPQGAHFLARSLDDALKLTERPELANKVDMIWIVGGSSVYKEAMNHLGHLKLFVTRIMQDFESDTFFSEIDLEKYKLLPEYPGVLSDVQEGKHIKYKFEVCEKDD
12,1.5.1.3,dihydrofolate reductase,7.8,Schistosoma mansoni,G4VJD6,741552,MRLNVVVAVSENWGIGKGGGLPWKIKKDMEFFKTVTTKAHPGLKNAVVMGRVTWESIPESFKPLKDRINIVVSSTLSHAPSFVQVVPSLNAAIDLLYNEEFSSIVDEVFIIGGYRLYKEALKQSIYPVRIYCTHILSEVDCDTYFPKVDWDKLKKVDLPDIPADTFTENGFTFKFCVYDVPSEQFI
